{
  "backend": "baseline",
  "val_metrics": {
    "accuracy": 0.8,
    "f1_macro": 0.7891737891737892
  },
  "test_metrics": {
    "accuracy": 0.5714285714285714,
    "f1_macro": 0.5654761904761905
  },
  "model_dir": "models\\best"
}